{
  "weight_variations": [
    "人口_working_age_ratio -0.050",
    "人口_working_age_ratio +0.050",
    "商業_hhi_index -0.050",
    "商業_hhi_index +0.050",
    "所得_median_household_income -0.050",
    "所得_median_household_income +0.050",
    "tertiary_industry_ratio -0.050",
    "tertiary_industry_ratio +0.050",
    "medical_index -0.050",
    "medical_index +0.050"
  ],
  "ranking_correlations": [
    -0.14835164835164835,
    -0.10989010989010989,
    -0.0934065934065934,
    -0.08241758241758242,
    -0.12087912087912088,
    -0.10989010989010989,
    -0.17032967032967034,
    -0.14835164835164835,
    -0.10989010989010989,
    -0.13736263736263735
  ],
  "score_correlations": [
    -0.09491718065787544,
    -0.12849093806554118,
    -0.13675739774181223,
    -0.08861348697766445,
    -0.1151804577127257,
    -0.10996538754831847,
    -0.12482721461025754,
    -0.100468330237373,
    -0.10689548393128487,
    -0.11724339768452699
  ],
  "top5_stability": [
    0.2,
    0.2,
    0.4,
    0.2,
    0.2,
    0.2,
    0.2,
    0.2,
    0.2,
    0.2
  ],
  "classification_changes": [
    0.3076923076923077,
    0.23076923076923078,
    0.3076923076923077,
    0.3076923076923077,
    0.3076923076923077,
    0.3076923076923077,
    0.3076923076923077,
    0.3076923076923077,
    0.3076923076923077,
    0.3076923076923077
  ],
  "summary": {
    "avg_score_corr": -0.112335927516738,
    "avg_ranking_corr": -0.12307692307692308,
    "avg_top5_stability": 0.22000000000000003,
    "avg_classification_agreement": 0.3,
    "stability_grade": "需要調整",
    "most_sensitive": "tertiary_industry_ratio -0.050",
    "min_correlation": -0.17032967032967034
  }
}