{
  "weight_variations": [
    "人口_working_age_ratio -0.050",
    "人口_working_age_ratio +0.050",
    "商業_hhi_index -0.050",
    "商業_hhi_index +0.050",
    "所得_median_household_income -0.050",
    "所得_median_household_income +0.050",
    "tertiary_industry_ratio -0.050",
    "tertiary_industry_ratio +0.050",
    "medical_beds_per_1k -0.050",
    "medical_beds_per_1k +0.050",
    "medical_staff_per_1k -0.050",
    "medical_staff_per_1k +0.050",
    "medical_facility_density -0.050",
    "medical_facility_density +0.050"
  ],
  "ranking_correlations": [
    -0.12087912087912088,
    -0.13186813186813187,
    -0.15384615384615383,
    -0.07142857142857142,
    -0.12087912087912088,
    -0.17032967032967034,
    -0.17032967032967034,
    -0.12087912087912088,
    -0.17032967032967034,
    -0.13736263736263735,
    -0.17032967032967034,
    -0.10989010989010989,
    -0.19230769230769232,
    -0.10989010989010989
  ],
  "score_correlations": [
    -0.0991451095594314,
    -0.1372115122998509,
    -0.14509415717533128,
    -0.09369930593665189,
    -0.12185807265396796,
    -0.11660290954998802,
    -0.13239489028603887,
    -0.10621674382301421,
    -0.10245127001627409,
    -0.13398940402736678,
    -0.09955257009922794,
    -0.13662318460112102,
    -0.1398574629679881,
    -0.09984308538642124
  ],
  "top5_stability": [
    0.2,
    0.2,
    0.4,
    0.2,
    0.2,
    0.2,
    0.2,
    0.2,
    0.2,
    0.2,
    0.2,
    0.2,
    0.2,
    0.2
  ],
  "classification_changes": [
    0.3076923076923077,
    0.23076923076923078,
    0.3076923076923077,
    0.3076923076923077,
    0.3076923076923077,
    0.3076923076923077,
    0.3076923076923077,
    0.3076923076923077,
    0.3076923076923077,
    0.3076923076923077,
    0.3076923076923077,
    0.3076923076923077,
    0.3076923076923077,
    0.3076923076923077
  ],
  "summary": {
    "avg_score_corr": -0.11889569131304811,
    "avg_ranking_corr": -0.1393249607535322,
    "avg_top5_stability": 0.21428571428571436,
    "avg_classification_agreement": 0.3021978021978021,
    "stability_grade": "需要調整",
    "most_sensitive": "medical_facility_density -0.050",
    "min_correlation": -0.19230769230769232
  }
}