{
  "桃園區": {
    "features": [
      "工作年齡人口比例",
      "商業集中度指數",
      "家戶中位數所得",
      "第三產業比例",
      "醫療指數"
    ],
    "values": [
      48.66496441765993,
      8.299641389265163,
      93.18181818181819,
      75.05602509663555,
      78.51243566694411
    ],
    "level": "高潛力",
    "score": 10.0
  },
  "龜山區": {
    "features": [
      "工作年齡人口比例",
      "商業集中度指數",
      "家戶中位數所得",
      "第三產業比例",
      "醫療指數"
    ],
    "values": [
      98.91917052420366,
      100.0,
      68.18181818181819,
      54.74758806945056,
      100.0
    ],
    "level": "高潛力",
    "score": 9.4
  },
  "中壢區": {
    "features": [
      "工作年齡人口比例",
      "商業集中度指數",
      "家戶中位數所得",
      "第三產業比例",
      "醫療指數"
    ],
    "values": [
      49.557876717967346,
      8.46914891690639,
      80.30303030303031,
      83.34294384795271,
      29.879505345449026
    ],
    "level": "高潛力",
    "score": 7.3
  },
  "蘆竹區": {
    "features": [
      "工作年齡人口比例",
      "商業集中度指數",
      "家戶中位數所得",
      "第三產業比例",
      "醫療指數"
    ],
    "values": [
      59.99186149692125,
      32.77021046899384,
      100.0,
      45.99944485113479,
      8.15816625879051
    ],
    "level": "高潛力",
    "score": 7.1
  },
  "楊梅區": {
    "features": [
      "工作年齡人口比例",
      "商業集中度指數",
      "家戶中位數所得",
      "第三產業比例",
      "醫療指數"
    ],
    "values": [
      71.40943257716673,
      18.102045057525146,
      46.96969696969697,
      27.849901039369733,
      13.753055813272175
    ],
    "level": "中潛力",
    "score": 4.8
  },
  "平鎮區": {
    "features": [
      "工作年齡人口比例",
      "商業集中度指數",
      "家戶中位數所得",
      "第三產業比例",
      "醫療指數"
    ],
    "values": [
      63.81213775553024,
      70.83322661889646,
      53.03030303030304,
      33.215936621489625,
      20.36685314012146
    ],
    "level": "中潛力",
    "score": 4.7
  },
  "龍潭區": {
    "features": [
      "工作年齡人口比例",
      "商業集中度指數",
      "家戶中位數所得",
      "第三產業比例",
      "醫療指數"
    ],
    "values": [
      55.89512499350834,
      73.87810348251212,
      50.75757575757576,
      41.126828303455056,
      26.02149033010236
    ],
    "level": "中潛力",
    "score": 4.6
  },
  "大園區": {
    "features": [
      "工作年齡人口比例",
      "商業集中度指數",
      "家戶中位數所得",
      "第三產業比例",
      "醫療指數"
    ],
    "values": [
      82.3949985267583,
      36.849135880113614,
      37.121212121212125,
      36.361251374445416,
      15.013026940628269
    ],
    "level": "中潛力",
    "score": 4.4
  },
  "八德區": {
    "features": [
      "工作年齡人口比例",
      "商業集中度指數",
      "家戶中位數所得",
      "第三產業比例",
      "醫療指數"
    ],
    "values": [
      64.7564606751023,
      58.89733837653738,
      38.63636363636364,
      15.645845744970046,
      13.078425301960394
    ],
    "level": "中潛力",
    "score": 3.6
  },
  "觀音區": {
    "features": [
      "工作年齡人口比例",
      "商業集中度指數",
      "家戶中位數所得",
      "第三產業比例",
      "醫療指數"
    ],
    "values": [
      100.0,
      86.31864097149136,
      17.424242424242422,
      0.0,
      0.0
    ],
    "level": "低潛力",
    "score": 2.3
  },
  "大溪區": {
    "features": [
      "工作年齡人口比例",
      "商業集中度指數",
      "家戶中位數所得",
      "第三產業比例",
      "醫療指數"
    ],
    "values": [
      39.98110007011517,
      87.68188015048301,
      19.696969696969695,
      3.3513456989523247,
      2.857170768266971
    ],
    "level": "低潛力",
    "score": 1.2
  },
  "復興區": {
    "features": [
      "工作年齡人口比例",
      "商業集中度指數",
      "家戶中位數所得",
      "第三產業比例",
      "醫療指數"
    ],
    "values": [
      9.562799969670818,
      0.0,
      0.0,
      100.0,
      0.8192014097931211
    ],
    "level": "低潛力",
    "score": 1.1
  },
  "新屋區": {
    "features": [
      "工作年齡人口比例",
      "商業集中度指數",
      "家戶中位數所得",
      "第三產業比例",
      "醫療指數"
    ],
    "values": [
      0.0,
      94.5836885058327,
      4.545454545454547,
      9.35743424037024,
      15.384807879307363
    ],
    "level": "低潛力",
    "score": 0.0
  }
}